{
    "$schema": "https://schema.management.azure.com/schemas/2015-01-01/deploymentParameters.json#",
    "contentVersion": "1.0.0.0",
    "parameters": {
        "location": {
            "value": "canadacentral"
        },
        "extendedLocation": {
            "value": {}
        },
        "virtualNetworkName": {
            "value": "Server-13"
        },
        "resourceGroup": {
            "value": "Student-RG-739244"
        },
        "addressSpaces": {
            "value": [
                "172.17.13.0/24"
            ]
        },
        "ipv6Enabled": {
            "value": false
        },
        "subnetCount": {
            "value": 4
        },
        "subnet0_name": {
            "value": "subnet1"
        },
        "subnet0_addressRange": {
            "value": "172.17.13.32/27"
        },
        "subnet1_name": {
            "value": "subnet2"
        },
        "subnet1_addressRange": {
            "value": "172.17.13.64/27"
        },
        "subnet2_name": {
            "value": "subnet3"
        },
        "subnet2_addressRange": {
            "value": "172.17.13.96/27"
        },
        "subnet3_name": {
            "value": "subnet4"
        },
        "subnet3_addressRange": {
            "value": "172.17.13.128/27"
        },
        "ddosProtectionPlanEnabled": {
            "value": false
        },
        "firewallEnabled": {
            "value": false
        },
        "bastionEnabled": {
            "value": false
        }
    }
}